{
  "n_triples": 324,
  "articles_without_authors_rate": 0.3541666666666667,
  "authors": [
    {
      "n_authors": 162,
      "mean_n_authors": 1.6875,
      "std_n_authors": 2.3589136661205994,
      "mean_matched_authors_rate": 0.27163264062935116
    }
  ]
}